{"cameraMode":{"drawMode":0,"name":"Shaded","section":"Shading Mode"},"sceneLighting":true,"audioPlay":false,"sceneViewState":{"m_AlwaysRefresh":false,"showFog":true,"showSkybox":true,"showFlares":true,"showImageEffects":true,"showParticleSystems":true,"showVisualEffectGraphs":true,"m_FxEnabled":true},"in2DMode":false,"pivot":{"x":0.13618218898773194,"y":-0.903233528137207,"z":0.5632858276367188},"rotation":{"x":-0.2321726381778717,"y":0.0008871144964359701,"z":-0.00020078086527064443,"w":-0.9726980328559876},"size":12.726862907409668,"orthographic":false}